Project,Part ID (s),Lysate 1 location,Lysate 2 location,Substrate,Substrate location,Substrate mwt,Substrate state,Molarity,Instr. for 60 mM,Product,Comments,Product_ID
Benzene dicarboxylates,4800 + 4803,2H4,2A5,p-xylene,Chris fridge,106.16,liquid,8.1 M,60 mM = 74.1 ul in 10 ml EtOH,"1,4-benzenedimethanol,   4-methylbenzyl alcohol",,"1,4-benzenedimethanol,   4-methylbenzyl alcohol"
Benzene dicarboxylates,4800 + 4803,2H4,2A5,p-xylene,Chris fridge,106.16,liquid,8.1 M,60 mM = 74.1 ul in 10 ml EtOH,"1,4-benzenedimethanol,   4-methylbenzyl alcohol",,"1,4-benzenedimethanol,   4-methylbenzyl alcohol"
Benzene dicarboxylates,4837 + 4838,2B5,2C5,p-xylene,Chris fridge,106.16,liquid,8.1 M,60 mM = 74.1 ul in 10 ml EtOH,"1,4-benzenedimethanol,   4-methylbenzyl alcohol",,"1,4-benzenedimethanol,   4-methylbenzyl alcohol"
Benzene dicarboxylates,4837 + 4838,2B5,2C5,p-xylene,Chris fridge,106.16,liquid,8.1 M,60 mM = 74.1 ul in 10 ml EtOH,"1,4-benzenedimethanol,   4-methylbenzyl alcohol",,"1,4-benzenedimethanol,   4-methylbenzyl alcohol"
Benzene dicarboxylates,4800 + 4803,2H4,2A5,m-xylene,Chris fridge,106.16,liquid,8.1 M,60 mM = 74.1 ul in 10 ml EtOH,"1,3-benzenedimethanol,   3-methylbenzyl alcohol",,"1,3-benzenedimethanol,   3-methylbenzyl alcohol"
Benzene dicarboxylates,4800 + 4803,2H4,2A5,m-xylene,Chris fridge,106.16,liquid,8.1 M,60 mM = 74.1 ul in 10 ml EtOH,"1,3-benzenedimethanol,   3-methylbenzyl alcohol",,"1,3-benzenedimethanol,   3-methylbenzyl alcohol"
Benzene dicarboxylates,4837 + 4838,2B5,2C5,m-xylene,Chris fridge,106.16,liquid,8.1 M,60 mM = 74.1 ul in 10 ml EtOH,"1,3-benzenedimethanol,   3-methylbenzyl alcohol",,"1,3-benzenedimethanol,   3-methylbenzyl alcohol"
Benzene dicarboxylates,4837 + 4838,2B5,2C5,m-xylene,Chris fridge,106.16,liquid,8.1 M,60 mM = 74.1 ul in 10 ml EtOH,"1,3-benzenedimethanol,   3-methylbenzyl alcohol",,"1,3-benzenedimethanol,   3-methylbenzyl alcohol"
Benzene dicarboxylates,4800 + 4803,2H4,2A5,o-xylene,Chris fridge,106.16,liquid,8.2 M,60 mM = 73.2 ul in 10 ml EtOH,"1,2-benzenedimethanol,   2-methylbenzyl alcohol",,"1,2-benzenedimethanol,   2-methylbenzyl alcohol"
Benzene dicarboxylates,4800 + 4803,2H4,2A5,o-xylene,Chris fridge,106.16,liquid,8.2 M,60 mM = 73.2 ul in 10 ml EtOH,"1,2-benzenedimethanol,   2-methylbenzyl alcohol",,"1,2-benzenedimethanol,   2-methylbenzyl alcohol"
Benzene dicarboxylates,4837 + 4838,2B5,2C5,o-xylene,Chris fridge,106.16,liquid,8.2 M,60 mM = 73.2 ul in 10 ml EtOH,"1,2-benzenedimethanol,   2-methylbenzyl alcohol",,"1,2-benzenedimethanol,   2-methylbenzyl alcohol"
Benzene dicarboxylates,4837 + 4838,2B5,2C5,o-xylene,Chris fridge,106.16,liquid,8.2 M,60 mM = 73.2 ul in 10 ml EtOH,"1,2-benzenedimethanol,   2-methylbenzyl alcohol",,"1,2-benzenedimethanol,   2-methylbenzyl alcohol"
Allyl benzenes,7238,1B7,,p-coumaraldehyde,TEST freezer,148.18,solid,n/a,60 mM = 88.9 mg in 10 ml EtOH,p-coumaryl alcohol,,Coumaryl Alcohol
Allyl benzenes,7240,1C7,,p-coumaraldehyde,TEST freezer,148.18,solid,n/a,60 mM = 88.9 mg in 10 ml EtOH,p-coumaryl alcohol,,Coumaryl Alcohol
Allyl benzenes,7242,1D7,,p-coumaraldehyde,TEST freezer,148.18,solid,n/a,60 mM = 88.9 mg in 10 ml EtOH,p-coumaryl alcohol,,Coumaryl Alcohol
Allyl benzenes,7244,1E7,,p-coumaraldehyde,TEST freezer,148.18,solid,n/a,60 mM = 88.9 mg in 10 ml EtOH,p-coumaryl alcohol,,Coumaryl Alcohol
Allyl benzenes,7246,1F7,,p-coumaraldehyde,TEST freezer,148.18,solid,n/a,60 mM = 88.9 mg in 10 ml EtOH,p-coumaryl alcohol,,Coumaryl Alcohol
Allyl benzenes,7238,1B7,,p-coniferaldehyde,TEST freezer,178.18,solid,n/a,60 mM = 106.7 mg in 10 ml EtOH,p-coniferyl alcohol,,Coniferyl Alcohol
Allyl benzenes,7240,1C7,,p-coniferaldehyde,TEST freezer,178.18,solid,n/a,60 mM = 106.7 mg in 10 ml EtOH,p-coniferyl alcohol,,Coniferyl Alcohol
Allyl benzenes,7242,1D7,,p-coniferaldehyde,TEST freezer,178.18,solid,n/a,60 mM = 106.7 mg in 10 ml EtOH,p-coniferyl alcohol,,Coniferyl Alcohol
Allyl benzenes,7244,1E7,,p-coniferaldehyde,TEST freezer,178.18,solid,n/a,60 mM = 106.7 mg in 10 ml EtOH,p-coniferyl alcohol,,Coniferyl Alcohol
Allyl benzenes,7246,1F7,,p-coniferaldehyde,TEST freezer,178.18,solid,n/a,60 mM = 106.7 mg in 10 ml EtOH,p-coniferyl alcohol,,Coniferyl Alcohol
Allyl benzenes,7298 + 7274,1H8,1D6,p-coumaric acid,Chris fridge,164.05,solid,n/a,60 mM = 98.4 mg in 10 ml H2O,p-coumaraldehyde,,Coumaryl Aldehyde
Allyl benzenes,7298 + 7276,1H8,1E6,p-coumaric acid,Chris fridge,164.05,solid,n/a,60 mM = 98.4 mg in 10 ml H2O,p-coumaraldehyde,,Coumaryl Aldehyde
Allyl benzenes,7298 + 7278,1H8,1F6,p-coumaric acid,Chris fridge,164.05,solid,n/a,60 mM = 98.4 mg in 10 ml H2O,p-coumaraldehyde,,Coumaryl Aldehyde
Allyl benzenes,7298 + 7280,1H8,1G6,p-coumaric acid,Chris fridge,164.05,solid,n/a,60 mM = 98.4 mg in 10 ml H2O,p-coumaraldehyde,,Coumaryl Aldehyde
Allyl benzenes,7298 + 7282,1H8,1H6,p-coumaric acid,Chris fridge,164.05,solid,n/a,60 mM = 98.4 mg in 10 ml H2O,p-coumaraldehyde,,Coumaryl Aldehyde
Allyl benzenes,7298 + 7284,1H8,1A7,p-coumaric acid,Chris fridge,164.05,solid,n/a,60 mM = 98.4 mg in 10 ml H2O,p-coumaraldehyde,,Coumaryl Aldehyde
Allyl benzenes,7300 + 7274,1A9,1D6,p-coumaric acid,Chris fridge,164.05,solid,n/a,60 mM = 98.4 mg in 10 ml H2O,p-coumaraldehyde,,Coumaryl Aldehyde
Allyl benzenes,7300 + 7276,1A9,1E6,p-coumaric acid,Chris fridge,164.05,solid,n/a,60 mM = 98.4 mg in 10 ml H2O,p-coumaraldehyde,,Coumaryl Aldehyde
Allyl benzenes,7300 + 7278,1A9,1F6,p-coumaric acid,Chris fridge,164.05,solid,n/a,60 mM = 98.4 mg in 10 ml H2O,p-coumaraldehyde,,Coumaryl Aldehyde
Allyl benzenes,7300 + 7280,1A9,1G6,p-coumaric acid,Chris fridge,164.05,solid,n/a,60 mM = 98.4 mg in 10 ml H2O,p-coumaraldehyde,,Coumaryl Aldehyde
Allyl benzenes,7300 + 7282,1A9,1H6,p-coumaric acid,Chris fridge,164.05,solid,n/a,60 mM = 98.4 mg in 10 ml H2O,p-coumaraldehyde,,Coumaryl Aldehyde
Allyl benzenes,7300 + 7284,1A9,1A7,p-coumaric acid,Chris fridge,164.05,solid,n/a,60 mM = 98.4 mg in 10 ml H2O,p-coumaraldehyde,,Coumaryl Aldehyde
Allyl benzenes,7248 + 7266,1G7,1C8,p-coumaryl alcohol,TEST freezer,150.17,solid,n/a,60 mM = 90.1 mg in 10 ml EtOH,Chavicol,,Chavicol
Allyl benzenes,7248 + 7268,1G7,1D8,p-coumaryl alcohol,TEST freezer,150.17,solid,n/a,60 mM = 90.1 mg in 10 ml EtOH,Chavicol,,Chavicol
Allyl benzenes,7248 + 7270,1G7,1E8,p-coumaryl alcohol,TEST freezer,150.17,solid,n/a,60 mM = 90.1 mg in 10 ml EtOH,Chavicol,,Chavicol
Allyl benzenes,7248 + 7272,1G7,1F8,p-coumaryl alcohol,TEST freezer,150.17,solid,n/a,60 mM = 90.1 mg in 10 ml EtOH,Chavicol,,Chavicol
Allyl benzenes,7250 + 7266,1H7,1C8,p-coumaryl alcohol,TEST freezer,150.17,solid,n/a,60 mM = 90.1 mg in 10 ml EtOH,Chavicol,,Chavicol
Allyl benzenes,7250 + 7268,1H7,1D8,p-coumaryl alcohol,TEST freezer,150.17,solid,n/a,60 mM = 90.1 mg in 10 ml EtOH,Chavicol,,Chavicol
Allyl benzenes,7250 + 7270,1H7,1E8,p-coumaryl alcohol,TEST freezer,150.17,solid,n/a,60 mM = 90.1 mg in 10 ml EtOH,Chavicol,,Chavicol
Allyl benzenes,7250 + 7272,1H7,1F8,p-coumaryl alcohol,TEST freezer,150.17,solid,n/a,60 mM = 90.1 mg in 10 ml EtOH,Chavicol,,Chavicol
Allyl benzenes,7252 + 7266,1A8,1C8,p-coumaryl alcohol,TEST freezer,150.17,solid,n/a,60 mM = 90.1 mg in 10 ml EtOH,Chavicol,,Chavicol
Allyl benzenes,7252 + 7268,1A8,1D8,p-coumaryl alcohol,TEST freezer,150.17,solid,n/a,60 mM = 90.1 mg in 10 ml EtOH,Chavicol,,Chavicol
Allyl benzenes,7252 + 7270,1A8,1E8,p-coumaryl alcohol,TEST freezer,150.17,solid,n/a,60 mM = 90.1 mg in 10 ml EtOH,Chavicol,,Chavicol
Allyl benzenes,7252 + 7272,1A8,1F8,p-coumaryl alcohol,TEST freezer,150.17,solid,n/a,60 mM = 90.1 mg in 10 ml EtOH,Chavicol,,Chavicol
Allyl benzenes,7254 + 7266,1B8,1C8,p-coumaryl alcohol,TEST freezer,150.17,solid,n/a,60 mM = 90.1 mg in 10 ml EtOH,Chavicol,,Chavicol
Allyl benzenes,7254 + 7268,1B8,1D8,p-coumaryl alcohol,TEST freezer,150.17,solid,n/a,60 mM = 90.1 mg in 10 ml EtOH,Chavicol,,Chavicol
Allyl benzenes,7254 + 7270,1B8,1E8,p-coumaryl alcohol,TEST freezer,150.17,solid,n/a,60 mM = 90.1 mg in 10 ml EtOH,Chavicol,,Chavicol
Allyl benzenes,7254 + 7272,1B8,1F8,p-coumaryl alcohol,TEST freezer,150.17,solid,n/a,60 mM = 90.1 mg in 10 ml EtOH,Chavicol,,Chavicol
Allyl benzenes,7298 + 7274,1H8,1D6,p-ferulic acid,Chris fridge,194.18,solid,n/a,60 mM = 116.54 mg in 10 ml H2O,p-coniferaldehyde,,Coniferyl Aldehyde
Allyl benzenes,7298 + 7276,1H8,1E6,p-ferulic acid,Chris fridge,194.18,solid,n/a,60 mM = 116.54 mg in 10 ml H2O,p-coniferaldehyde,,Coniferyl Aldehyde
Allyl benzenes,7298 + 7278,1H8,1F6,p-ferulic acid,Chris fridge,194.18,solid,n/a,60 mM = 116.54 mg in 10 ml H2O,p-coniferaldehyde,,Coniferyl Aldehyde
Allyl benzenes,7298 + 7280,1H8,1G6,p-ferulic acid,Chris fridge,194.18,solid,n/a,60 mM = 116.54 mg in 10 ml H2O,p-coniferaldehyde,,Coniferyl Aldehyde
Allyl benzenes,7298 + 7282,1H8,1H6,p-ferulic acid,Chris fridge,194.18,solid,n/a,60 mM = 116.54 mg in 10 ml H2O,p-coniferaldehyde,,Coniferyl Aldehyde
Allyl benzenes,7298 + 7284,1H8,1A7,p-ferulic acid,Chris fridge,194.18,solid,n/a,60 mM = 116.54 mg in 10 ml H2O,p-coniferaldehyde,,Coniferyl Aldehyde
Allyl benzenes,7300 + 7274,1A9,1D6,p-ferulic acid,Chris fridge,194.18,solid,n/a,60 mM = 116.54 mg in 10 ml H2O,p-coniferaldehyde,,Coniferyl Aldehyde
Allyl benzenes,7300 + 7276,1A9,1E6,p-ferulic acid,Chris fridge,194.18,solid,n/a,60 mM = 116.54 mg in 10 ml H2O,p-coniferaldehyde,,Coniferyl Aldehyde
Allyl benzenes,7300 + 7278,1A9,1F6,p-ferulic acid,Chris fridge,194.18,solid,n/a,60 mM = 116.54 mg in 10 ml H2O,p-coniferaldehyde,,Coniferyl Aldehyde
Allyl benzenes,7300 + 7280,1A9,1G6,p-ferulic acid,Chris fridge,194.18,solid,n/a,60 mM = 116.54 mg in 10 ml H2O,p-coniferaldehyde,,Coniferyl Aldehyde
Allyl benzenes,7300 + 7282,1A9,1H6,p-ferulic acid,Chris fridge,194.18,solid,n/a,60 mM = 116.54 mg in 10 ml H2O,p-coniferaldehyde,,Coniferyl Aldehyde
Allyl benzenes,7300 + 7284,1A9,1A7,p-ferulic acid,Chris fridge,194.18,solid,n/a,60 mM = 116.54 mg in 10 ml H2O,p-coniferaldehyde,,Coniferyl Aldehyde
Allyl benzenes,7248 + 7266,1G7,1C8,p-coniferyl alcohol,TEST freezer,180.2,solid,n/a,60 mM = 108.1 mg in 10 ml EtOH,Eugenol,,Eugenol
Allyl benzenes,7248 + 7268,1G7,1D8,p-coniferyl alcohol,TEST freezer,180.2,solid,n/a,60 mM = 108.1 mg in 10 ml EtOH,Eugenol,,Eugenol
Allyl benzenes,7248 + 7270,1G7,1E8,p-coniferyl alcohol,TEST freezer,180.2,solid,n/a,60 mM = 108.1 mg in 10 ml EtOH,Eugenol,,Eugenol
Allyl benzenes,7248 + 7272,1G7,1F8,p-coniferyl alcohol,TEST freezer,180.2,solid,n/a,60 mM = 108.1 mg in 10 ml EtOH,Eugenol,,Eugenol
Allyl benzenes,7250 + 7266,1H7,1C8,p-coniferyl alcohol,TEST freezer,180.2,solid,n/a,60 mM = 108.1 mg in 10 ml EtOH,Eugenol,,Eugenol
Allyl benzenes,7250 + 7268,1H7,1D8,p-coniferyl alcohol,TEST freezer,180.2,solid,n/a,60 mM = 108.1 mg in 10 ml EtOH,Eugenol,,Eugenol
Allyl benzenes,7250 + 7270,1H7,1E8,p-coniferyl alcohol,TEST freezer,180.2,solid,n/a,60 mM = 108.1 mg in 10 ml EtOH,Eugenol,,Eugenol
Allyl benzenes,7250 + 7272,1H7,1F8,p-coniferyl alcohol,TEST freezer,180.2,solid,n/a,60 mM = 108.1 mg in 10 ml EtOH,Eugenol,,Eugenol
Allyl benzenes,7252 + 7266,1A8,1C8,p-coniferyl alcohol,TEST freezer,180.2,solid,n/a,60 mM = 108.1 mg in 10 ml EtOH,Eugenol,,Eugenol
Allyl benzenes,7252 + 7268,1A8,1D8,p-coniferyl alcohol,TEST freezer,180.2,solid,n/a,60 mM = 108.1 mg in 10 ml EtOH,Eugenol,,Eugenol
Allyl benzenes,7252 + 7270,1A8,1E8,p-coniferyl alcohol,TEST freezer,180.2,solid,n/a,60 mM = 108.1 mg in 10 ml EtOH,Eugenol,,Eugenol
Allyl benzenes,7252 + 7272,1A8,1F8,p-coniferyl alcohol,TEST freezer,180.2,solid,n/a,60 mM = 108.1 mg in 10 ml EtOH,Eugenol,,Eugenol
Allyl benzenes,7254 + 7266,1B8,1C8,p-coniferyl alcohol,TEST freezer,180.2,solid,n/a,60 mM = 108.1 mg in 10 ml EtOH,Eugenol,,Eugenol
Allyl benzenes,7254 + 7268,1B8,1D8,p-coniferyl alcohol,TEST freezer,180.2,solid,n/a,60 mM = 108.1 mg in 10 ml EtOH,Eugenol,,Eugenol
Allyl benzenes,7254 + 7270,1B8,1E8,p-coniferyl alcohol,TEST freezer,180.2,solid,n/a,60 mM = 108.1 mg in 10 ml EtOH,Eugenol,,Eugenol
Allyl benzenes,7254 + 7272,1B8,1F8,p-coniferyl alcohol,TEST freezer,180.2,solid,n/a,60 mM = 108.1 mg in 10 ml EtOH,Eugenol,,Eugenol
Tyrosol,7336,1G3,,Tyrosine,SBC Chem cupboard,181.2,solid,n/a,60 mM = 108.7 mg in 10 ml 0.1 M HCl,Tyramine,,Tyramine
Tyrosol,7312,1H3,,Tyrosine,SBC Chem cupboard,181.2,solid,n/a,60 mM = 108.7 mg in 10 ml 0.1 M HCl,Tyramine,,Tyramine
Tyrosol,7314,1A4,,Tyrosine,SBC Chem cupboard,181.2,solid,n/a,60 mM = 108.7 mg in 10 ml 0.1 M HCl,Tyramine,,Tyramine
Tyrosol,4733,2G4,,Tyrosine,SBC Chem cupboard,181.2,solid,n/a,60 mM = 108.7 mg in 10 ml 0.1 M HCl,Tyramine,,Tyramine
Tyrosol,6930,2A9,,Tyrosine,SBC Chem cupboard,181.2,solid,n/a,60 mM = 108.7 mg in 10 ml 0.1 M HCl,Tyramine,,Tyramine
Tyrosol,6931,2B9,,Tyrosine,SBC Chem cupboard,181.2,solid,n/a,60 mM = 108.7 mg in 10 ml 0.1 M HCl,Tyramine,,Tyramine
Tyrosol,7302 +7184,1C3,1E2,Tyrosine,SBC Chem cupboard,181.2,solid,n/a,60 mM = 108.7 mg in 10 ml 0.1 M HCl,Tyrosol,,Tyrosol
Tyrosol,7302 +7186,1C3,1F2,Tyrosine,SBC Chem cupboard,181.2,solid,n/a,60 mM = 108.7 mg in 10 ml 0.1 M HCl,Tyrosol,,Tyrosol
Tyrosol,7302 +7188,1C3,1G2,Tyrosine,SBC Chem cupboard,181.2,solid,n/a,60 mM = 108.7 mg in 10 ml 0.1 M HCl,Tyrosol,,Tyrosol
Tyrosol,7302 +7190,1C3,1H2,Tyrosine,SBC Chem cupboard,181.2,solid,n/a,60 mM = 108.7 mg in 10 ml 0.1 M HCl,Tyrosol,,Tyrosol
Tyrosol,7302 +7192,1C3,1A3,Tyrosine,SBC Chem cupboard,181.2,solid,n/a,60 mM = 108.7 mg in 10 ml 0.1 M HCl,Tyrosol,,Tyrosol
Tyrosol,7302 +7194,1C3,1B3,Tyrosine,SBC Chem cupboard,181.2,solid,n/a,60 mM = 108.7 mg in 10 ml 0.1 M HCl,Tyrosol,,Tyrosol
Tyrosol,7304 +7184,1D3,1E2,Tyrosine,SBC Chem cupboard,181.2,solid,n/a,60 mM = 108.7 mg in 10 ml 0.1 M HCl,Tyrosol,,Tyrosol
Tyrosol,7304 +7186,1D3,1F2,Tyrosine,SBC Chem cupboard,181.2,solid,n/a,60 mM = 108.7 mg in 10 ml 0.1 M HCl,Tyrosol,,Tyrosol
Tyrosol,7304 +7188,1D3,1G2,Tyrosine,SBC Chem cupboard,181.2,solid,n/a,60 mM = 108.7 mg in 10 ml 0.1 M HCl,Tyrosol,,Tyrosol
Tyrosol,7304 +7190,1D3,1H2,Tyrosine,SBC Chem cupboard,181.2,solid,n/a,60 mM = 108.7 mg in 10 ml 0.1 M HCl,Tyrosol,,Tyrosol
Tyrosol,7304 +7192,1D3,1A3,Tyrosine,SBC Chem cupboard,181.2,solid,n/a,60 mM = 108.7 mg in 10 ml 0.1 M HCl,Tyrosol,,Tyrosol
Tyrosol,7304 +7194,1D3,1B3,Tyrosine,SBC Chem cupboard,181.2,solid,n/a,60 mM = 108.7 mg in 10 ml 0.1 M HCl,Tyrosol,,Tyrosol
Tyrosol,7306 +7184,1E3,1E2,Tyrosine,SBC Chem cupboard,181.2,solid,n/a,60 mM = 108.7 mg in 10 ml 0.1 M HCl,Tyrosol,,Tyrosol
Tyrosol,7306 +7186,1E3,1F2,Tyrosine,SBC Chem cupboard,181.2,solid,n/a,60 mM = 108.7 mg in 10 ml 0.1 M HCl,Tyrosol,,Tyrosol
Tyrosol,7306 +7188,1E3,1G2,Tyrosine,SBC Chem cupboard,181.2,solid,n/a,60 mM = 108.7 mg in 10 ml 0.1 M HCl,Tyrosol,,Tyrosol
Tyrosol,7306 +7190,1E3,1H2,Tyrosine,SBC Chem cupboard,181.2,solid,n/a,60 mM = 108.7 mg in 10 ml 0.1 M HCl,Tyrosol,,Tyrosol
Tyrosol,7306 +7192,1E3,1A3,Tyrosine,SBC Chem cupboard,181.2,solid,n/a,60 mM = 108.7 mg in 10 ml 0.1 M HCl,Tyrosol,,Tyrosol
Tyrosol,7306 +7194,1E3,1B3,Tyrosine,SBC Chem cupboard,181.2,solid,n/a,60 mM = 108.7 mg in 10 ml 0.1 M HCl,Tyrosol,,Tyrosol
Tyrosol,7308 +7184,1F3,1E2,Tyrosine,SBC Chem cupboard,181.2,solid,n/a,60 mM = 108.7 mg in 10 ml 0.1 M HCl,Tyrosol,,Tyrosol
Tyrosol,7308 +7186,1F3,1F2,Tyrosine,SBC Chem cupboard,181.2,solid,n/a,60 mM = 108.7 mg in 10 ml 0.1 M HCl,Tyrosol,,Tyrosol
Tyrosol,7308 +7188,1F3,1G2,Tyrosine,SBC Chem cupboard,181.2,solid,n/a,60 mM = 108.7 mg in 10 ml 0.1 M HCl,Tyrosol,,Tyrosol
Tyrosol,7308 +7190,1F3,1H2,Tyrosine,SBC Chem cupboard,181.2,solid,n/a,60 mM = 108.7 mg in 10 ml 0.1 M HCl,Tyrosol,,Tyrosol
Tyrosol,7308 +7192,1F3,1A3,Tyrosine,SBC Chem cupboard,181.2,solid,n/a,60 mM = 108.7 mg in 10 ml 0.1 M HCl,Tyrosol,,Tyrosol
Tyrosol,7308 +7194,1F3,1B3,Tyrosine,SBC Chem cupboard,181.2,solid,n/a,60 mM = 108.7 mg in 10 ml 0.1 M HCl,Tyrosol,,Tyrosol
Tyrosol,4734 +7184,2H4,1E2,Tyramine,Chris RNA cupboard,137.2,solid,n/a,60 mM = 82.3 mg in 10 ml 0.1 M HCl,Tyrosol,,Tyrosol
Tyrosol,4734 +7186,2H4,1F2,Tyramine,Chris RNA cupboard,137.2,solid,n/a,60 mM = 82.3 mg in 10 ml 0.1 M HCl,Tyrosol,,Tyrosol
Tyrosol,4734 +7188,2H4,1G2,Tyramine,Chris RNA cupboard,137.2,solid,n/a,60 mM = 82.3 mg in 10 ml 0.1 M HCl,Tyrosol,,Tyrosol
Tyrosol,4734 +7190,2H4,1H2,Tyramine,Chris RNA cupboard,137.2,solid,n/a,60 mM = 82.3 mg in 10 ml 0.1 M HCl,Tyrosol,,Tyrosol
Tyrosol,4734 +7192,2H4,1A3,Tyramine,Chris RNA cupboard,137.2,solid,n/a,60 mM = 82.3 mg in 10 ml 0.1 M HCl,Tyrosol,,Tyrosol
Tyrosol,4734 +7194,2H4,1B3,Tyramine,Chris RNA cupboard,137.2,solid,n/a,60 mM = 82.3 mg in 10 ml 0.1 M HCl,Tyrosol,,Tyrosol
Tyrosol,4735 +7184,2A5,1E2,Tyramine,Chris RNA cupboard,137.2,solid,n/a,60 mM = 82.3 mg in 10 ml 0.1 M HCl,Tyrosol,,Tyrosol
Tyrosol,4735 +7186,2A5,1F2,Tyramine,Chris RNA cupboard,137.2,solid,n/a,60 mM = 82.3 mg in 10 ml 0.1 M HCl,Tyrosol,,Tyrosol
Tyrosol,4735 +7188,2A5,1G2,Tyramine,Chris RNA cupboard,137.2,solid,n/a,60 mM = 82.3 mg in 10 ml 0.1 M HCl,Tyrosol,,Tyrosol
Tyrosol,4735 +7190,2A5,1H2,Tyramine,Chris RNA cupboard,137.2,solid,n/a,60 mM = 82.3 mg in 10 ml 0.1 M HCl,Tyrosol,,Tyrosol
Tyrosol,4735 +7192,2A5,1A3,Tyramine,Chris RNA cupboard,137.2,solid,n/a,60 mM = 82.3 mg in 10 ml 0.1 M HCl,Tyrosol,,Tyrosol
Tyrosol,4735 +7194,2A5,1B3,Tyramine,Chris RNA cupboard,137.2,solid,n/a,60 mM = 82.3 mg in 10 ml 0.1 M HCl,Tyrosol,,Tyrosol
Tyrosol,6924 +7184,2H5,1E2,Tyramine,Chris RNA cupboard,137.2,solid,n/a,60 mM = 82.3 mg in 10 ml 0.1 M HCl,Tyrosol,,Tyrosol
Tyrosol,6924 +7186,2H5,1F2,Tyramine,Chris RNA cupboard,137.2,solid,n/a,60 mM = 82.3 mg in 10 ml 0.1 M HCl,Tyrosol,,Tyrosol
Tyrosol,6924 +7188,2H5,1G2,Tyramine,Chris RNA cupboard,137.2,solid,n/a,60 mM = 82.3 mg in 10 ml 0.1 M HCl,Tyrosol,,Tyrosol
Tyrosol,6924 +7190,2H5,1H2,Tyramine,Chris RNA cupboard,137.2,solid,n/a,60 mM = 82.3 mg in 10 ml 0.1 M HCl,Tyrosol,,Tyrosol
Tyrosol,6924 +7192,2H5,1A3,Tyramine,Chris RNA cupboard,137.2,solid,n/a,60 mM = 82.3 mg in 10 ml 0.1 M HCl,Tyrosol,,Tyrosol
Tyrosol,6924 +7194,2H5,1B3,Tyramine,Chris RNA cupboard,137.2,solid,n/a,60 mM = 82.3 mg in 10 ml 0.1 M HCl,Tyrosol,,Tyrosol
Tyrosol,1454,1B11,,Tyramine,Chris RNA cupboard,137.2,solid,n/a,60 mM = 82.3 mg in 10 ml 0.1 M HCl,Tyrosol,,Tyrosol
Tyrosol,1454,1B11,,Tyrosine,SBC Chem cupboard,181.2,solid,n/a,60 mM = 108.7 mg in 10 ml 0.1 M HCl,Tyramine,,Tyramine
Mandelate,7410,2A1,,(S)-mandelic acid,TEST shelf/fridge,152.15,solid,n/a,60 mM = 9.1 mg in 1 ml H2O,phenylglyoxylic acid,,phenylglyoxylic acid
Mandelate,7412,2B1,,(S)-mandelic acid,TEST shelf/fridge,152.15,solid,n/a,60 mM = 9.1 mg in 1 ml H2O,phenylglyoxylic acid,,phenylglyoxylic acid
Mandelate,7414,2C1,,(S)-mandelic acid,TEST shelf/fridge,152.15,solid,n/a,60 mM = 9.1 mg in 1 ml H2O,phenylglyoxylic acid,,phenylglyoxylic acid
Mandelate,7416,2D1,,phenylglyoxylic acid,TEST shelf/fridge,150.13,solid,n/a,60 mM = 9.0 mg in 1 ml H2O,(R)-mandelic acid,,(R)-mandelic acid
Mandelate,7418,2E1,,phenylglyoxylic acid,TEST shelf/fridge,150.13,solid,n/a,60 mM = 9.0 mg in 1 ml H2O,(R)-mandelic acid,,(R)-mandelic acid
Mandelate,7420,2F1,,(S)-mandelic acid,TEST shelf/fridge,152.15,solid,n/a,60 mM = 9.1 mg in 1 ml H2O,(R)-mandelic acid,,(R)-mandelic acid
Mandelate,1454,1B11,,(S)-mandelic acid,TEST shelf/fridge,152.15,solid,n/a,60 mM = 9.1 mg in 1 ml H2O,phenylglyoxylic acid,,phenylglyoxylic acid
Mandelate,1454,1B11,,phenylglyoxylic acid,TEST shelf/fridge,150.13,solid,n/a,60 mM = 9.0 mg in 1 ml H2O,(R)-mandelic acid,,(R)-mandelic acid
Isobutene,7433,2D2,,2-oxoisovaleric acid,TEST fridge,116.1,liquid,8.59,60 mM = 69.9 ul in 10 ml EtOH,isobutaraldehyde,,isobutaraldehyde
Isobutene,7435,2E2,,2-oxoisovaleric acid,TEST fridge,116.1,liquid,8.59,60 mM = 69.9 ul in 10 ml EtOH,isobutaraldehyde,,isobutaraldehyde
Isobutene,7437,2F2,,2-oxoisovaleric acid,TEST fridge,116.1,liquid,8.59,60 mM = 69.9 ul in 10 ml EtOH,isobutaraldehyde,,isobutaraldehyde
Isobutene,7439,2G2,,2-oxoisovaleric acid,TEST fridge,116.1,liquid,8.59,60 mM = 69.9 ul in 10 ml EtOH,isobutaraldehyde,,isobutaraldehyde
Isobutene,7441,2H2,,2-oxoisovaleric acid,TEST fridge,116.1,liquid,8.59,60 mM = 69.9 ul in 10 ml EtOH,isobutaraldehyde,,isobutaraldehyde
Isobutene,7448,2A3,,isobutaraldehyde,TEST fridge,72.1,liquid,10.96,60 mM = 54.7 ul in 10 ml EtOH,isobutanol,,isobutanol
Isobutene,7450,2B3,,isobutanol,TEST fridge,74.1,liquid,10.82,60 mM = 55.5 ul in 10 ml EtOH,isobutene,,isobutene
Isobutene,7452,2C3,,isobutanol,TEST fridge,74.1,liquid,10.82,60 mM = 55.5 ul in 10 ml EtOH,isobutene,,isobutene
Isobutene,7454,2D3,,isobutanol,TEST fridge,74.1,liquid,10.82,60 mM = 55.5 ul in 10 ml EtOH,isobutene,,isobutene
Isobutene,7456,2E3,,isobutanol,TEST fridge,74.1,liquid,10.82,60 mM = 55.5 ul in 10 ml EtOH,isobutene,,isobutene
Isobutene,7458,2F3,,isobutanol,TEST fridge,74.1,liquid,10.82,60 mM = 55.5 ul in 10 ml EtOH,isobutene,,isobutene
Isobutene,7460,2G3,,isobutanol,TEST fridge,74.1,liquid,10.82,60 mM = 55.5 ul in 10 ml EtOH,isobutene,,isobutene
Isobutene,7462,2H3,,isobutanol,TEST fridge,74.1,liquid,10.82,60 mM = 55.5 ul in 10 ml EtOH,isobutene,,isobutene
Isobutene,7464,2A4,,isobutanol,TEST fridge,74.1,liquid,10.82,60 mM = 55.5 ul in 10 ml EtOH,isobutene,,isobutene
Isobutene,7466,2B4,,isobutanol,TEST fridge,74.1,liquid,10.82,60 mM = 55.5 ul in 10 ml EtOH,isobutene,,isobutene
Isobutene,1454,1B11,,2-oxoisovaleric acid,TEST fridge,116.1,liquid,8.59,60 mM = 69.9 ul in 10 ml EtOH,isobutaraldehyde,,isobutaraldehyde
Isobutene,1454,1B11,,isobutaraldehyde,TEST fridge,72.1,liquid,10.96,60 mM = 54.7 ul in 10 ml EtOH,isobutanol,,isobutanol
Isobutene,1454,1B11,,isobutanol,TEST fridge,74.1,liquid,10.82,60 mM = 55.5 ul in 10 ml EtOH,isobutene,,isobutene
Ferulic acid,4731,2F4,,tyrosine,SBC Chem cupboard,181.19,solid,,60 mM = 108.7 mg in 10 ml 0.1 M HCl,L-DOPA,,
Ferulic acid,4731,2F4,,coumaric acid,Chris fridge,164.05,solid,,60 mM = 98.4 mg in 10 ml 0.1 M NaOH,caffeic acid,,
Ferulic acid,6926,2B5,,L-DOPA,Chris RNA cupboard,197.19,solid,,60 mM = 118.3 mg in 10 ml 0.1 M HCl,3-O-methyl-L-DOPA,,
Ferulic acid,7152,1B4,,L-DOPA,Chris RNA cupboard,197.19,solid,,60 mM = 118.3 mg in 10 ml 0.1 M HCl,3-O-methyl-L-DOPA,,
Ferulic acid,7154,1C4,,L-DOPA,Chris RNA cupboard,197.19,solid,,60 mM = 118.3 mg in 10 ml 0.1 M HCl,3-O-methyl-L-DOPA,,
Ferulic acid,7156,1D4,,L-DOPA,Chris RNA cupboard,197.19,solid,,60 mM = 118.3 mg in 10 ml 0.1 M HCl,3-O-methyl-L-DOPA,,
Ferulic acid,7158,1E4,,L-DOPA,Chris RNA cupboard,197.19,solid,,60 mM = 118.3 mg in 10 ml 0.1 M HCl,3-O-methyl-L-DOPA,,
Ferulic acid,6926,2B5,,caffeic acid,Chris fridge,180.16,solid,,60 mM = 108.1 mg in 10 ml 0.1 M NaOH,ferulic acid,,
Ferulic acid,7152,1B4,,caffeic acid,Chris fridge,180.16,solid,,60 mM = 108.1 mg in 10 ml 0.1 M NaOH,ferulic acid,,
Ferulic acid,7154,1C4,,caffeic acid,Chris fridge,180.16,solid,,60 mM = 108.1 mg in 10 ml 0.1 M NaOH,ferulic acid,,
Ferulic acid,7156,1D4,,caffeic acid,Chris fridge,180.16,solid,,60 mM = 108.1 mg in 10 ml 0.1 M NaOH,ferulic acid,,
Ferulic acid,7158,1E4,,caffeic acid,Chris fridge,180.16,solid,,60 mM = 108.1 mg in 10 ml 0.1 M NaOH,ferulic acid,,
Ferulic acid,1454,1E11,,tyrosine,SBC Chem cupboard,181.19,solid,,60 mM = 108.7 mg in 10 ml 0.1 M HCl,L-DOPA,,
Ferulic acid,1454,1E11,,coumaric acid,Chris fridge,164.05,solid,,60 mM = 98.4 mg in 10 ml 0.1 M NaOH,caffeic acid,,
Ferulic acid,1454,1E11,,L-DOPA,Chris RNA cupboard,197.19,solid,,60 mM = 118.3 mg in 10 ml 0.1 M HCl,caffeic acid / 3-O-methyl-L-DOPA,,
Ferulic acid,1454,1E11,,caffeic acid,Chris fridge,180.16,solid,,60 mM = 108.1 mg in 10 ml 0.1 M NaOH,ferulic acid,,